{"loss": 5.648082637786866, "Prediction Accuracy": 42.464000000000006, "_timestamp": 1727213214.08495, "_runtime": 115.99751091003418, "_step": 570, "_wandb": {"runtime": 115}}