{"global_step": 99840, "_timestamp": 1726873783.1725109, "_runtime": 20.048661947250366, "_step": 557, "charts/episodic_return": -51.0, "charts/episodic_length": 71.0, "charts/learning_rate": 1.2820512438338483e-06, "losses/value_loss": 69.09981536865234, "losses/policy_loss": -3.1832605600357056e-06, "losses/entropy": 1.6049624681472778, "losses/old_approx_kl": -2.1010637283325195e-06, "losses/approx_kl": 0.0, "losses/clipfrac": 0.0, "losses/explained_variance": 0.0013968348503112793, "charts/SPS": 5356.0, "_wandb": {"runtime": 19}}