{"loss": 0.06435287070973796, "_timestamp": 1725430368.789902, "_runtime": 238.7040159702301, "_step": 490, "_wandb": {"runtime": 241}}