{"global_step": 100000, "_timestamp": 1726876811.535939, "_runtime": 185.09254693984985, "_step": 465, "charts/episodic_return": -500.0, "charts/episodic_length": 500.0, "charts/learning_rate": 1.249999968422344e-06, "losses/value_loss": 1.8864308595657349, "losses/policy_loss": -0.00027255178429186344, "losses/entropy": 0.5234848260879517, "losses/old_approx_kl": 0.0018180417828261852, "losses/approx_kl": 0.0002165460609830916, "losses/clipfrac": 0.0, "losses/explained_variance": -0.2550191879272461, "charts/SPS": 545.0, "_wandb": {"runtime": 184}}