{"loss": 0.19434550830296107, "_timestamp": 1726589074.797376, "_runtime": 8569.093104839325, "_step": 84, "_wandb": {"runtime": 8651}}