{"loss": 0.00703622526679264, "_timestamp": 1725435319.536457, "_runtime": 3852.725531101227, "_step": 4990, "_wandb": {"runtime": 3855}}