{"loss": 0.7485665423529488, "_timestamp": 1726589110.870763, "_runtime": 9603.882053136826, "_step": 94, "_wandb": {"runtime": 9642}}