{"Reward": -42, "episode_steps": 21, "exeTime": 120.21628022193909, "_timestamp": 1725887914.479163, "_runtime": 637.3826568126678, "_step": 3, "_wandb": {"runtime": 749}}