{"_wandb": {"runtime": 5436}, "Reward": -800, "episode_steps": 200, "exeTime": 4712.327003955841, "_timestamp": 1725273369.294092, "_runtime": 4724.059344053268, "_step": 0}