{"global_step": 50000, "_timestamp": 1726875210.761987, "_runtime": 12.987138032913208, "_step": 235, "charts/episodic_return": -490.0, "charts/episodic_length": 500.0, "charts/learning_rate": 4.999999873689376e-06, "losses/value_loss": 113.37553405761719, "losses/policy_loss": -2.6535988126852317e-06, "losses/entropy": 1.6003690958023071, "losses/old_approx_kl": 2.2149085907585686e-06, "losses/approx_kl": 0.0, "losses/clipfrac": 0.0, "losses/explained_variance": -0.011775016784667969, "charts/SPS": 4359.0, "_wandb": {"runtime": 12}}