{"loss": 5.6395362377166744, "_timestamp": 1727212491.711654, "_runtime": 135.22762989997864, "_step": 760, "_wandb": {"runtime": 134}}