{"episode": 10, "avg_loss": 0.0, "episode_duration": 39, "eps_threshold": 0.35164063228332326, "_timestamp": 1726899039.79718, "_runtime": 692.3976030349731, "_step": 0, "_wandb": {"runtime": 1448}}