{"loss": 0.6532425880432129, "_timestamp": 1726589119.029052, "_runtime": 8685.311887025833, "_step": 82, "_wandb": {"runtime": 8721}}