{"loss": 5.645109701156616, "Prediction Accuracy": 42.586000000000006, "_timestamp": 1727213277.8614872, "_runtime": 49.44861626625061, "_step": 222, "_wandb": {"runtime": 48}}