{"loss": 0.0673821068235806, "_timestamp": 1726438668.2133179, "_runtime": 4076.4367718696594, "_step": 120, "_wandb": {"runtime": 4161}}