{"loss": 0.03653532186789172, "_timestamp": 1726618120.670903, "_runtime": 27695.35824584961, "_step": 2930, "_wandb": {"runtime": 27697}}