{"loss": 5.644909000396728, "Prediction Accuracy": 42.684, "_timestamp": 1727213680.6499991, "_runtime": 29.527592182159424, "_step": 133, "_wandb": {"runtime": 29}}