{"_wandb": {"runtime": 7}, "global_step": 24960, "_timestamp": 1726875821.903409, "_runtime": 8.01272201538086, "_step": 276, "charts/learning_rate": 1.2820512438338483e-06, "losses/value_loss": 644.1911010742188, "losses/policy_loss": 3.3318065106868744e-07, "losses/entropy": 1.5661009550094604, "losses/old_approx_kl": 1.9185245037078857e-06, "losses/approx_kl": 0.0, "losses/clipfrac": 0.0, "losses/explained_variance": -1.1920928955078125e-07, "charts/SPS": 3920.0, "charts/episodic_return": -404.0, "charts/episodic_length": 424.0}