{"_wandb": {"runtime": 10}, "global_step": 50000, "_timestamp": 1726874975.8851001, "_runtime": 10.771894216537476, "_step": 244, "charts/episodic_return": -326.0, "charts/episodic_length": 346.0, "charts/learning_rate": 4.999999873689376e-06, "losses/value_loss": 103.0132827758789, "losses/policy_loss": 2.880096303670143e-07, "losses/entropy": 1.6091103553771973, "losses/old_approx_kl": -9.241103953172569e-07, "losses/approx_kl": 0.0, "losses/clipfrac": 0.0, "losses/explained_variance": 0.014027893543243408, "charts/SPS": 5473.0}