{"global_step": 49664, "_timestamp": 1726874217.396318, "_runtime": 13.894584894180298, "_step": 289, "charts/episodic_return": 2.0, "charts/episodic_length": 18.0, "charts/learning_rate": 2.577319492047536e-06, "losses/value_loss": 86.7010726928711, "losses/policy_loss": 1.1082738637924194e-07, "losses/entropy": 1.6083345413208008, "losses/old_approx_kl": 2.2910535335540771e-07, "losses/approx_kl": 0.0, "losses/clipfrac": 0.0, "losses/explained_variance": -0.002470731735229492, "charts/SPS": 4071.0, "_wandb": {"runtime": 13}}