{"global_step": 199680, "_timestamp": 1726873990.755235, "_runtime": 47.74598789215088, "_step": 1086, "charts/episodic_return": -308.0, "charts/episodic_length": 328.0, "charts/learning_rate": 6.410256219169241e-07, "losses/value_loss": 90.4153823852539, "losses/policy_loss": -4.3585896492004395e-07, "losses/entropy": 1.5995157957077026, "losses/old_approx_kl": 2.16066837310791e-06, "losses/approx_kl": 0.0, "losses/clipfrac": 0.0, "losses/explained_variance": -6.306171417236328e-05, "charts/SPS": 4326.0, "_wandb": {"runtime": 47}}