{"global_step": 49664, "_timestamp": 1726874600.161964, "_runtime": 13.218938827514648, "_step": 278, "charts/episodic_return": -500.0, "charts/episodic_length": 500.0, "charts/learning_rate": 2.577319492047536e-06, "losses/value_loss": 86.0210952758789, "losses/policy_loss": -1.753680408000946e-06, "losses/entropy": 1.6014468669891357, "losses/old_approx_kl": -3.5669654607772827e-07, "losses/approx_kl": 0.0, "losses/clipfrac": 0.0, "losses/explained_variance": -0.0016014575958251953, "charts/SPS": 4338.0, "_wandb": {"runtime": 12}}