{"_wandb": {"runtime": 9}, "global_step": 24960, "_timestamp": 1726873273.1594748, "_runtime": 10.182833909988403, "_step": 195, "charts/learning_rate": 1.2820512438338483e-06, "losses/value_loss": 48.56150436401367, "losses/policy_loss": -8.549541234970093e-07, "losses/entropy": 1.5964032411575317, "losses/old_approx_kl": -7.450580596923828e-09, "losses/approx_kl": 0.0, "losses/clipfrac": 0.0, "losses/explained_variance": 0.00011265277862548828, "charts/SPS": 3052.0}