{"loss": 5.839571514129639, "_timestamp": 1727212228.845035, "_runtime": 9.420958042144775, "_step": 49, "_wandb": {"runtime": 8}}