{"episode": 10000, "avg_loss": 3.5123019043992207, "episode_duration": 41, "eps_threshold": 0.05, "_timestamp": 1726891930.779579, "_runtime": 5275.367496013641, "_step": 999, "_wandb": {"runtime": 5312}}