{"global_step": 100000, "_timestamp": 1726873868.2486458, "_runtime": 19.027989864349365, "_step": 414, "charts/episodic_return": -480.0, "charts/episodic_length": 500.0, "charts/learning_rate": 4.999999873689376e-06, "losses/value_loss": 101.71539306640625, "losses/policy_loss": -7.762909035591292e-07, "losses/entropy": 1.6067323684692383, "losses/old_approx_kl": -1.6713141803847975e-07, "losses/approx_kl": 0.0, "losses/clipfrac": 0.0, "losses/explained_variance": 0.004016578197479248, "charts/SPS": 5699.0, "_wandb": {"runtime": 18}}