{"global_step": 100000, "_timestamp": 1726876478.5636532, "_runtime": 101.31940817832947, "_step": 462, "charts/episodic_return": 4.0, "charts/episodic_length": 16.0, "charts/learning_rate": 1.249999968422344e-06, "losses/value_loss": 4.866857051849365, "losses/policy_loss": -0.0003446006739977747, "losses/entropy": 0.014067169278860092, "losses/old_approx_kl": -0.00013426780060399324, "losses/approx_kl": 9.298324243900424e-08, "losses/clipfrac": 0.0, "losses/explained_variance": -0.005345344543457031, "charts/SPS": 1003.0, "_wandb": {"runtime": 100}}