{"loss": 5.641420793533325, "Prediction Accuracy": 42.662, "_timestamp": 1727212770.058072, "_runtime": 181.455952167511, "_step": 934, "_wandb": {"runtime": 180}}