{"_wandb": {"runtime": 1}, "loss": 58.38817541939871, "_timestamp": 1726579305.656827, "_runtime": 1.830260992050171, "_step": 0}