{"loss": 0.13961931719229773, "_timestamp": 1726424933.699799, "_runtime": 1626.9369051456451, "_step": 4990, "_wandb": {"runtime": 1629}}