{"loss": 1.1568791687488555, "_timestamp": 1725034150.600616, "_runtime": 309.1507830619812, "_step": 900}