{"loss": 0.07385267210858208, "_timestamp": 1726618227.6510699, "_runtime": 27799.974562883377, "_step": 3010, "_wandb": {"runtime": 27870}}