{"loss": 5.655952196121216, "Prediction Accuracy": 42.326, "_timestamp": 1727214019.182213, "_runtime": 49.81786012649536, "_step": 281, "_wandb": {"runtime": 49}}