{"loss": 5.371062564849853, "Prediction Accuracy": 32.034, "Norm before clipping": 3.246512974357559, "Norm after clipping": 3.246512974357559, "_timestamp": 1727236373.781831, "_runtime": 21.613168954849243, "_step": 48, "_wandb": {"runtime": 21}}