{"_wandb": {"runtime": 7}, "global_step": 24960, "_timestamp": 1726873470.191796, "_runtime": 8.505627155303955, "_step": 285, "charts/learning_rate": 1.2820512438338483e-06, "losses/value_loss": 172.38186645507812, "losses/policy_loss": -9.600073099136353e-06, "losses/entropy": 1.6036319732666016, "losses/old_approx_kl": -5.848705768585205e-07, "losses/approx_kl": 0.0, "losses/clipfrac": 0.0, "losses/explained_variance": 0.0006488561630249023, "charts/SPS": 3545.0, "charts/episodic_return": 12.0, "charts/episodic_length": 8.0}