{"global_step": 99968, "_timestamp": 1726873566.782977, "_runtime": 28.300618171691895, "_step": 1061, "charts/learning_rate": 3.2010242989599647e-07, "losses/value_loss": 8.793468475341797, "losses/policy_loss": -9.559094905853271e-06, "losses/entropy": 1.3575001955032349, "losses/old_approx_kl": -1.2561678886413574e-05, "losses/approx_kl": 2.9802322387695312e-08, "losses/clipfrac": 0.0, "losses/explained_variance": -1.1920928955078125e-07, "charts/SPS": 3748.0, "charts/episodic_return": -490.0, "charts/episodic_length": 500.0, "_wandb": {"runtime": 27}}