{"loss": 5.644570636749267, "Prediction Accuracy": 42.715999999999994, "_timestamp": 1727213851.751668, "_runtime": 24.478673934936523, "_step": 108, "_wandb": {"runtime": 23}}