{"_wandb": {"runtime": 10}, "global_step": 49664, "_timestamp": 1726874542.972609, "_runtime": 11.547616958618164, "_step": 248, "charts/episodic_return": -319.0, "charts/episodic_length": 339.0, "charts/learning_rate": 2.5773195375222713e-05, "losses/value_loss": 78.75767517089844, "losses/policy_loss": -2.6946887373924255e-05, "losses/entropy": 1.2625226974487305, "losses/old_approx_kl": -5.117151886224747e-05, "losses/approx_kl": 4.7497451305389404e-08, "losses/clipfrac": 0.0, "losses/explained_variance": -0.0024404525756835938, "charts/SPS": 4976.0}