{"_wandb": {"runtime": 10}, "global_step": 49664, "_timestamp": 1726874398.834188, "_runtime": 11.136981964111328, "_step": 287, "charts/episodic_return": -196.0, "charts/episodic_length": 216.0, "charts/learning_rate": 2.577319492047536e-06, "losses/value_loss": 81.88046264648438, "losses/policy_loss": -8.611008524894714e-06, "losses/entropy": 1.6076865196228027, "losses/old_approx_kl": -2.2761523723602295e-06, "losses/approx_kl": 0.0, "losses/clipfrac": 0.0, "losses/explained_variance": 0.0028071999549865723, "charts/SPS": 5195.0}