{"_wandb": {"runtime": 1}, "loss": 1.5501849821635656, "_timestamp": 1726580384.4345741, "_runtime": 1.6798501014709473, "_step": 0}