{"_wandb": {"runtime": 10}, "global_step": 49664, "_timestamp": 1726874825.493124, "_runtime": 11.432894945144653, "_step": 272, "charts/episodic_return": -490.0, "charts/episodic_length": 500.0, "charts/learning_rate": 2.577319492047536e-06, "losses/value_loss": 98.94270324707031, "losses/policy_loss": 1.2703239917755127e-06, "losses/entropy": 1.5675166845321655, "losses/old_approx_kl": 5.075708031654358e-07, "losses/approx_kl": 0.0, "losses/clipfrac": 0.0, "losses/explained_variance": -0.0010110139846801758, "charts/SPS": 5054.0}