{"_wandb": {"runtime": 10}, "global_step": 50000, "_timestamp": 1726875097.399153, "_runtime": 10.819462060928345, "_step": 242, "charts/episodic_return": -85.0, "charts/episodic_length": 105.0, "charts/learning_rate": 4.999999873689376e-06, "losses/value_loss": 104.32267761230469, "losses/policy_loss": 5.7220459481754915e-09, "losses/entropy": 1.6055127382278442, "losses/old_approx_kl": 3.2997130006151565e-07, "losses/approx_kl": 0.0, "losses/clipfrac": 0.0, "losses/explained_variance": 0.02700984477996826, "charts/SPS": 5400.0}