{"loss": 0.06983907578083184, "_timestamp": 1726434397.560226, "_runtime": 121.07509899139404, "_step": 40, "_wandb": {"runtime": 157}}