{"loss": 0.20420614310673305, "_timestamp": 1726621661.913755, "_runtime": 31247.067004919052, "_step": 3340, "_wandb": {"runtime": 31309}}