{"loss": 5.64170207977295, "Prediction Accuracy": 42.704, "_timestamp": 1727213083.2099378, "_runtime": 118.07863283157349, "_step": 644, "_wandb": {"runtime": 117}}