{"_wandb": {"runtime": 10}, "global_step": 49664, "_timestamp": 1726874072.181995, "_runtime": 11.579846858978271, "_step": 275, "charts/episodic_return": -70.0, "charts/episodic_length": 90.0, "charts/learning_rate": 2.577319492047536e-06, "losses/value_loss": 87.79208374023438, "losses/policy_loss": -5.587935447692871e-08, "losses/entropy": 1.6052021980285645, "losses/old_approx_kl": 4.023313522338867e-07, "losses/approx_kl": 0.0, "losses/clipfrac": 0.0, "losses/explained_variance": -0.010904192924499512, "charts/SPS": 5170.0}