{"global_step": 100000, "_timestamp": 1726877778.505662, "_runtime": 943.6773929595947, "_step": 492, "charts/episodic_return": -490.0, "charts/episodic_length": 500.0, "charts/learning_rate": 1.249999968422344e-06, "losses/value_loss": 0.01776912435889244, "losses/policy_loss": 0.00670357933267951, "losses/entropy": 0.8557631373405457, "losses/old_approx_kl": 0.002669715788215399, "losses/approx_kl": 0.00016233921633102, "losses/clipfrac": 0.0, "losses/explained_variance": -0.0010683536529541016, "charts/SPS": 106.0, "_wandb": {"runtime": 943}}