{"loss": 0.360314804315567, "Prediction Accuracy": 63.82000000000001, "Norm before clipping": 11.145970300398313, "Norm after clipping": 11.145970300398313, "_timestamp": 1727250592.839621, "_runtime": 5608.622632026672, "_step": 9999, "_wandb": {"runtime": 16841}}