{"global_step": 50000, "_timestamp": 1726875398.622289, "_runtime": 34.92670702934265, "_step": 216, "charts/episodic_return": -280.0, "charts/episodic_length": 300.0, "charts/learning_rate": 4.999999873689376e-06, "losses/value_loss": 100.76095581054688, "losses/policy_loss": -0.0005099034169688821, "losses/entropy": 1.537840723991394, "losses/old_approx_kl": 0.001465508947148919, "losses/approx_kl": 4.34511894127354e-05, "losses/clipfrac": 0.0, "losses/explained_variance": 0.00423508882522583, "charts/SPS": 1501.0, "_wandb": {"runtime": 34}}