{"global_step": 49664, "_timestamp": 1726874783.90728, "_runtime": 13.589825868606567, "_step": 273, "charts/episodic_return": -461.0, "charts/episodic_length": 481.0, "charts/learning_rate": 2.577319492047536e-06, "losses/value_loss": 89.61482238769531, "losses/policy_loss": -4.2906031012535095e-06, "losses/entropy": 1.598981261253357, "losses/old_approx_kl": 1.0440126061439514e-06, "losses/approx_kl": 0.0, "losses/clipfrac": 0.0, "losses/explained_variance": 0.0008461475372314453, "charts/SPS": 4121.0, "_wandb": {"runtime": 12}}