{"_wandb": {"runtime": 42}, "loss": 0.13103793561458588, "_timestamp": 1726434210.462572, "_runtime": 1.790776014328003, "_step": 0}