{"loss": NaN, "Prediction Accuracy": 23.305999999999997, "_timestamp": 1727213876.9468741, "_runtime": 14.469661235809326, "_step": 59, "_wandb": {"runtime": 14}}