{"global_step": 49664, "_timestamp": 1726874279.495347, "_runtime": 13.306765079498291, "_step": 266, "charts/episodic_return": -490.0, "charts/episodic_length": 500.0, "charts/learning_rate": 2.577319492047536e-06, "losses/value_loss": 81.37176513671875, "losses/policy_loss": -5.867332220077515e-06, "losses/entropy": 1.6067599058151245, "losses/old_approx_kl": 2.2025778889656067e-06, "losses/approx_kl": 0.0, "losses/clipfrac": 0.0, "losses/explained_variance": -0.008723974227905273, "charts/SPS": 4246.0, "_wandb": {"runtime": 12}}