{"global_step": 49664, "_timestamp": 1726874650.2172868, "_runtime": 11.770508766174316, "_step": 283, "charts/episodic_return": -212.0, "charts/episodic_length": 232.0, "charts/learning_rate": 2.577319492047536e-06, "losses/value_loss": 77.6754379272461, "losses/policy_loss": -1.4249235391616821e-06, "losses/entropy": 1.609099268913269, "losses/old_approx_kl": 7.7858567237854e-07, "losses/approx_kl": 0.0, "losses/clipfrac": 0.0, "losses/explained_variance": -0.0005342960357666016, "charts/SPS": 4836.0, "_wandb": {"runtime": 11}}