{"loss": 5.788273792266846, "_timestamp": 1727212338.2872078, "_runtime": 8.3021879196167, "_step": 49, "_wandb": {"runtime": 7}}