{"global_step": 50000, "_timestamp": 1726875299.2058141, "_runtime": 26.067076206207275, "_step": 219, "charts/episodic_return": -490.0, "charts/episodic_length": 500.0, "charts/learning_rate": 4.999999873689376e-06, "losses/value_loss": 112.82746124267578, "losses/policy_loss": -0.00039877413655631244, "losses/entropy": 1.501840353012085, "losses/old_approx_kl": 0.0003003585443366319, "losses/approx_kl": 2.0251274690963328e-05, "losses/clipfrac": 0.0, "losses/explained_variance": -0.001221299171447754, "charts/SPS": 2052.0, "_wandb": {"runtime": 25}}