{"global_step": 24960, "_timestamp": 1726876324.625068, "_runtime": 43.12724184989929, "_step": 258, "charts/learning_rate": 1.2820512438338483e-06, "losses/value_loss": 542.35888671875, "losses/policy_loss": 4.33996319770813e-07, "losses/entropy": 0.21076123416423798, "losses/old_approx_kl": 1.531839370727539e-05, "losses/approx_kl": 0.0, "losses/clipfrac": 0.0, "losses/explained_variance": 5.9604644775390625e-06, "charts/SPS": 601.0, "charts/episodic_return": -36.0, "charts/episodic_length": 56.0, "_wandb": {"runtime": 42}}