{"global_step": 100000, "_timestamp": 1726875551.902946, "_runtime": 22.65856099128723, "_step": 449, "charts/episodic_return": -173.0, "charts/episodic_length": 193.0, "charts/learning_rate": 2.499999936844688e-06, "losses/value_loss": 91.3530502319336, "losses/policy_loss": -2.244710913146264e-06, "losses/entropy": 1.584288477897644, "losses/old_approx_kl": -2.652406692504883e-06, "losses/approx_kl": 0.0, "losses/clipfrac": 0.0, "losses/explained_variance": -0.004878401756286621, "charts/SPS": 4740.0, "_wandb": {"runtime": 22}}