{"loss": 5.639811229705811, "Prediction Accuracy": 42.606, "_timestamp": 1727212953.710739, "_runtime": 169.64260387420654, "_step": 798, "_wandb": {"runtime": 169}}