{"_wandb": {"runtime": 101}, "loss": 60.31862367902483, "_timestamp": 1726590141.8851352, "_runtime": 5.487191200256348, "_step": 0}